s7-e12.wav,1:47|2:54|Abs-Pancakes,13:10|14:20|Extreme-Sandbox,20:10|21:11|Total-Tie-Keep,27:31|28:38|Fireavert
s7-e4.wav,2:55|3:51|Table-87,14:38|15:33|EZ-Pee-Z,21:23|22:16|milk- brookies,28:53|29:51|Dude-Wipes
s7-e18.wav,1:47|3:08|Sworkit,11:22|12:27|Clean-Sleep,20:02|21:00|tutu-blue,28:45|30:30|Nohbo
s7-e21.wav,2:40|3:40|Mob-Craft,13:50|14:40|Beloved,21:48|22:50|IlumiBowl,29:13|30:00|Innovation-Pet
s7-e20.wav,1:44|2:55|Better-Back,14:35|15:32|Glace-Cryotherapy,22:03|23:24|Linka,29:08|30:02|Teaspresso
s7-e9.wav,2:35|2:54|Sports-Technology,10:16|11:08|Brazi-Bites,22:01|23:04|Umano,30:05|31:39|Sock-Tabs
s7-e13.wav,1:46|2:40|spretz,9:09|10:23|Hungry-Harvest,15:39|17:00|Controlled-Chaos,27:13|28:20|EZPZ
s7-e16.wav,2:30|3:15|Riveter,12:50|14:21|Beartek,21:33|22:52|Major-Mom,30:02|31:00|Combat-Flip-Flops
s7-e14.wav,2:06|3:22|Fixed,13:53|14:54|Hatch-Baby,22:49|23:44|Village-Scholarships,28:45|30:04|Beard-King
s7-e7.wav,1:45|2:46|Wink-Frozen-Desserts,9:19|10:25|Savvy-Naturals,20:41|22:48|Clean-Cube,28:08|29:22|Simply-Fit-Board
s7-e11.wav,1:52|2:55|geekmytree,8:08|9:28|Beard-Head,16:25|17:19|Lovepop,27:16|28:02| Piper-Wei
s7-e19.wav,1:46|3:30|Insta-Fire,12:54|13:50|Custard-Stand-Hot-Dog-Chili,19:05|20:10|PRx,25:55|26:45|Rags-to-Raches
s7-e17.wav,1:55|2:58|SmartPlate,9:40|10:39|Bee-Free-Honee,19:43|20:20|Float-Baby,26:52|29:01|MTAILOR
s7-e15.wav,1:48|2:50|Shefit,10:29|11:50|Coalition,20:42|22:00|icybreeze,28:43|29:48|Expert-2400
s7-e10.wav,1:40|2:24|Leaux-Racing-Trikes,8:22|9:15|Glow-Recipe,19:50|21:04|Sarah-Oliver-Handbags,27:57|29:01|Trunkster
s7-e8.wav,2:01|3:15|A-Fresh-Sheet,7:44|9:14|unshrinkit,19:31|20:39|Grip-Clean,28:44|30:19|Polar-Pro
s7-e3.wav,1:53|2:45|Foot-Cardigan,12:47|13:36|ValPark,20:30|21:38|Two-Guys-Bowtie,29:53|30:57|nerdwax
s7-e6.wav,2:08|3:14|Rent-Like-Champ,10:41|10:36|Hotshot,16:54|18:14|Windcatcher,29:10|30:02|Stem-Center