Artist; Title; Link
Shark Tank; Shark Tank S06E01; https://www.youtube.com/watch?v=1ePsOIcoXhQ
Shark Tank; Shark Tank S06E02; https://www.youtube.com/watch?v=rW_rej8w_LA
Shark Tank; Shark Tank S06E03; https://www.youtube.com/watch?v=fkGMhdEdVcQ
Shark Tank; Shark Tank S06E04; https://www.youtube.com/watch?v=L2-cSp8yzK0
Shark Tank; Shark Tank S06E05; https://www.youtube.com/watch?v=WwYtGf74JJ0
Shark Tank; Shark Tank S06E06; https://www.youtube.com/watch?v=2OwTI582Nq8
Shark Tank; Shark Tank S06E07; https://www.youtube.com/watch?v=QVuSakrZfTk
Shark Tank; Shark Tank S06E08; https://www.youtube.com/watch?v=ljytg1xV60k
Shark Tank; Shark Tank S06E09; https://www.youtube.com/watch?v=qw3tegcqNpA
Shark Tank; Shark Tank S06E10; https://www.youtube.com/watch?v=pkJT-1NNX5A
Shark Tank; Shark Tank S06E11; https://www.youtube.com/watch?v=RtVae-C7xxw
Shark Tank; Shark Tank S06E12; https://www.youtube.com/watch?v=eF14VoUv1ak
Shark Tank; Shark Tank S06E13; https://www.youtube.com/watch?v=ikOXjeWo8Bo
Shark Tank; Shark Tank S06E14; https://www.youtube.com/watch?v=UTgIziOfsZU
Shark Tank; Shark Tank S06E15; https://www.youtube.com/watch?v=L0e71HUKi6k
Shark Tank; Shark Tank S06E16; https://www.youtube.com/watch?v=HArbyRSaSNM
Shark Tank; Shark Tank S06E17; https://www.youtube.com/watch?v=FMyAWyBB7Ic
Shark Tank; Shark Tank S06E18; https://www.youtube.com/watch?v=o0vMZ3eQcOU
Shark Tank; Shark Tank S06E19; https://www.youtube.com/watch?v=j--jRSVqsqU
Shark Tank; Shark Tank S06E20; https://www.youtube.com/watch?v=MDUXoE4TlR4
Shark Tank; Shark Tank S06E21; https://www.youtube.com/watch?v=eUFWpulPX1I
Shark Tank; Shark Tank S06E22; https://www.youtube.com/watch?v=CgsfzTb1KNU
Shark Tank; Shark Tank S06E23; https://www.youtube.com/watch?v=ybZHgl7HoYs
Shark Tank; Shark Tank S06E24; https://www.youtube.com/watch?v=15mZg9aY9Hk
Shark Tank; Shark Tank S06E25; https://www.youtube.com/watch?v=DL5-CdGnVPU
Shark Tank; Shark Tank S06E26; https://www.youtube.com/watch?v=OAhMz_xLXWQ
Shark Tank; Shark Tank S06E27; https://www.youtube.com/watch?v=UAKgEIACxQc
Shark Tank; Shark Tank S06E28; https://www.youtube.com/watch?v=wKzFJgrg2uA
Shark Tank; Shark Tank S06E29; https://www.youtube.com/watch?v=8_jQry9cBlQ